date,unconditional_average_rain,conditional_average_rain,accumlated_rain,satellite_flag
2025-05-15 01:00,0.0000,-999,0.0000,11000000000000000000000000000000
2025-05-15 02:00,0.0000,-999,0.0000,11000000000001100000000000000000
2025-05-15 03:00,0.0000,-999,0.0000,11000000000001100000000000100000
2025-05-15 04:00,0.0000,-999,0.0000,11000000000000000000000000000000
2025-05-15 05:00,0.0009,0.0147,0.0147,11000000000001100000000000000000
2025-05-15 06:00,0.0019,0.0312,0.0312,11000000000000010000000000000000
2025-05-15 07:00,0.0000,-999,0.0000,11000000000000010000000000000000
2025-05-15 08:00,0.0013,0.0205,0.0205,11000000000000010000000000000000
2025-05-15 09:00,0.0000,-999,0.0000,11000000000000000000000000000000
2025-05-15 10:00,0.0000,-999,0.0000,11000000000000000000000000000000
2025-05-15 11:00,0.0000,-999,0.0000,11000000000000000010000000000000
2025-05-15 12:00,0.0613,0.1226,0.9805,11000000000000000000000000100000
2025-05-15 13:00,0.1350,0.2699,2.1595,11000000000000100000000000000000
2025-05-15 14:00,1.5411,1.7612,24.6570,11000000000000100000000000000000
2025-05-15 15:00,2.7709,2.7709,44.3346,11000000000001100000000000000000
2025-05-15 16:00,3.2789,3.2789,52.4619,11000000000000100000000000000000
2025-05-15 17:00,1.3273,1.3273,21.2362,11000000000001000000000000000000
2025-05-15 18:00,2.1581,2.1581,34.5303,11000000000001000000000000000000
2025-05-15 19:00,1.1241,1.1241,17.9858,11000000000000010000000000000000
2025-05-15 20:00,0.1891,0.5043,3.0261,11000000000000010000000000000000
2025-05-15 21:00,0.1677,0.1917,2.6837,11000000000000000000000000000000
2025-05-15 22:00,0.0474,0.0506,0.7583,11000000000000000000000000000000
2025-05-15 23:00,0.0249,0.0249,0.3985,11000000000000000010000000100000
2025-05-16 00:00,0.0036,0.0189,0.0568,11000000000000000000000000000000
2025-05-16 01:00,0.0000,-999,0.0000,11000000000000000000000000100000
2025-05-16 02:00,0.0000,-999,0.0000,11000000000001000000000000100000
2025-05-16 03:00,0.0000,-999,0.0000,11000000000001100000000000000000
2025-05-16 04:00,0.0000,-999,0.0000,11000000000001000000000000000000
2025-05-16 05:00,0.0006,0.0104,0.0104,11000000000000100000000000000000
2025-05-16 06:00,0.0075,0.0134,0.1206,11000000000000010000000000000000
2025-05-16 07:00,0.0209,0.0209,0.3337,11000000000000010000000000000000
2025-05-16 08:00,0.0323,0.0323,0.5164,11000000000000000000000000000000
2025-05-16 09:00,0.0063,0.0334,0.1002,11000000000000010000000000000000
2025-05-16 10:00,0.0000,-999,0.0000,11000000000000000010000000000000
2025-05-16 11:00,0.0000,-999,0.0000,11000000000000000010000000000000
2025-05-16 12:00,0.0000,-999,0.0000,11000000000000000000000000100000
2025-05-16 13:00,0.1531,1.2250,2.4500,11000000000000000000000000000000
2025-05-16 14:00,1.0354,1.2743,16.5665,11000000000000100000000000100000
2025-05-16 15:00,2.3771,2.3771,38.0341,11000000000000000000000000000000
2025-05-16 16:00,1.5004,1.5004,24.0059,11000000000001100000000000000000
2025-05-16 17:00,3.8169,3.8169,61.0702,11000000000001000000000000000000
2025-05-16 18:00,4.9290,4.9290,78.8637,11000000000001000000000000000000
2025-05-16 19:00,3.6734,3.6734,58.7737,11000000000000010000000000000000
2025-05-16 20:00,0.4910,0.4910,7.8559,11000000000000000000000000000000
2025-05-16 21:00,0.2441,0.2441,3.9063,11000000000000010000000000000000
2025-05-16 22:00,0.1184,0.1184,1.8939,11000000000000000000000000000000
2025-05-16 23:00,0.0282,0.0347,0.4511,11000000000000000010000000000000
2025-05-17 00:00,0.0132,0.0192,0.2108,11000000000000000000000000100000
2025-05-17 01:00,0.0000,-999,0.0000,11000000000000000000000000100000
2025-05-17 02:00,0.0000,-999,0.0000,11000000000001000000000000100000
2025-05-17 03:00,0.0000,-999,0.0000,11000000000001100000000000000000
2025-05-17 04:00,0.0000,-999,0.0000,11000000000000100000000000000000
2025-05-17 05:00,0.0104,0.0414,0.1658,11000000000000000000000000000000
2025-05-17 06:00,0.0113,0.0452,0.1809,11000000000000010000000000000000
2025-05-17 07:00,0.0112,0.0599,0.1797,11000000000000000000000000000000
2025-05-17 08:00,0.0023,0.0367,0.0367,11000000000000010000000000000000
2025-05-17 09:00,0.1882,0.6022,3.0111,11000000000000000000000000000000
2025-05-17 10:00,0.4504,1.2011,7.2064,11000000000000000010000000000000
2025-05-17 11:00,3.5347,3.5347,56.5555,11000000000000000000000000000000
2025-05-17 12:00,4.9112,4.9112,78.5792,11000000000000000000000000100000
2025-05-17 13:00,4.7797,4.7797,76.4749,11000000000000000000000000000000
2025-05-17 14:00,4.5722,4.5722,73.1555,11000000000000100000000000000000
2025-05-17 15:00,2.4101,2.4101,38.5611,11000000000001100000000000000000
2025-05-17 16:00,2.7772,2.7772,44.4360,11000000000000100000000000000000
2025-05-17 17:00,0.9423,1.1597,15.0761,11000000000001000000000000000000
2025-05-17 18:00,0.1363,0.3634,2.1802,11000000000000010000000000000000
2025-05-17 19:00,0.0494,0.2635,0.7904,11000000000000010000000000000000
2025-05-17 20:00,0.0000,-999,0.0000,11000000000000010000000000000000
2025-05-17 21:00,0.0000,-999,0.0000,11000000000000000000000000000000
2025-05-17 22:00,0.0000,-999,0.0000,11000000000000000000000000000000
2025-05-17 23:00,0.0000,-999,0.0000,11000000000000000010000000000000
2025-05-18 00:00,0.0129,0.1032,0.2063,11000000000000000000000000000000
2025-05-18 01:00,0.0660,0.1319,1.0555,11000000000001000000000000000000
2025-05-18 02:00,0.0191,0.0508,0.3049,11000000000000100000000000100000
2025-05-18 03:00,0.0000,-999,0.0000,11000000000001000000000000000000
2025-05-18 04:00,0.0000,-999,0.0000,11000000000000100000000000000000
2025-05-18 05:00,0.0000,-999,0.0000,11000000000000000000000000000000
2025-05-18 06:00,0.0000,-999,0.0000,11000000000000000000000000000000
2025-05-18 07:00,0.0000,-999,0.0000,11000000000000010000000000000000
2025-05-18 08:00,0.0007,0.0117,0.0117,11000000000000000000000000000000
2025-05-18 09:00,0.0000,-999,0.0000,11000000000000010000000000000000
2025-05-18 10:00,0.0000,-999,0.0000,11000000000000000000000000000000
2025-05-18 11:00,1.3180,4.2175,21.0873,11000000000000000000000000100000
2025-05-18 12:00,3.3387,4.1092,53.4199,11000000000000000000000000100000
2025-05-18 13:00,3.2284,3.2284,51.6549,11000000000000100000000000000000
2025-05-18 14:00,1.4029,1.6033,22.4461,11000000000001100000000000000000
2025-05-18 15:00,0.3985,0.5314,6.3767,11000000000001100000000000000000
2025-05-18 16:00,0.2310,0.4106,3.6955,11000000000001000000000000000000
2025-05-18 17:00,1.9939,2.1269,31.9029,11000000000000000000000000000000
2025-05-18 18:00,2.0778,2.0778,33.2453,11000000000000000000000000000000
2025-05-18 19:00,1.8504,2.4671,29.6057,11000000000000010000000000000000
2025-05-18 20:00,2.4524,3.5672,39.2388,11000000000000000000000000000000
2025-05-18 21:00,2.2030,2.5177,35.2482,11000000000000010000000000000000
2025-05-18 22:00,1.2974,1.2974,20.7579,11000000000000000000000000000000
2025-05-18 23:00,1.2613,1.2613,20.1805,11000000000000000000000000000000
2025-05-19 00:00,1.1909,1.3610,19.0539,11000000000001000000000000000000
2025-05-19 01:00,0.6974,1.1159,11.1592,11000000000000000000000000000000
2025-05-19 02:00,0.2277,0.7286,3.6428,11000000000001100000000000000000
2025-05-19 03:00,0.0505,0.8086,0.8086,11000000000000000000000000000000
2025-05-19 04:00,0.0000,-999,0.0000,11000000000001100000000000000000
2025-05-19 05:00,0.2438,0.3901,3.9009,11000000000000100000000000000000
2025-05-19 06:00,0.3565,0.7130,5.7043,11000000000000010000000000000000
2025-05-19 07:00,0.2421,0.4843,3.8744,11000000000000000000000000000000
2025-05-19 08:00,0.0267,0.1069,0.4276,11000000000000010000000000000000
2025-05-19 09:00,0.1432,0.1909,2.2911,11000000000000000000000000000000
2025-05-19 10:00,0.5025,0.5743,8.0405,11000000000000000000000000000000
2025-05-19 11:00,0.6077,0.6077,9.7240,11000000000000000000000000000000
2025-05-19 12:00,0.9793,1.0446,15.6688,11000000000000000000000000000000
2025-05-19 13:00,0.6301,1.2602,10.0817,11000000000000100000000000000000
2025-05-19 14:00,0.3348,1.0714,5.3569,11000000000001000000000000000000
2025-05-19 15:00,0.0205,0.0819,0.3275,11000000000001100000000000000000
2025-05-19 16:00,0.0948,0.3793,1.5173,11000000000000100000000000000000
2025-05-19 17:00,0.3982,1.0619,6.3715,11000000000001100000000000000000
2025-05-19 18:00,0.3420,0.7816,5.4712,11000000000000010000000000000000
2025-05-19 19:00,0.1392,0.3183,2.2278,11000000000000000000000000000000
2025-05-19 20:00,0.0057,0.0916,0.0916,11000000000000010000000000000000
2025-05-19 21:00,0.1469,0.1469,2.3506,11000000000000010000000000000000
2025-05-19 22:00,0.3182,0.3182,5.0918,11000000000000000000000000000000
2025-05-19 23:00,1.1235,1.1235,17.9753,11000000000000000000000000000000
2025-05-20 00:00,1.2449,1.2449,19.9182,11000000000000000010000000100000
2025-05-20 01:00,1.6343,1.6343,26.1486,11000000000001000000000000100000
2025-05-20 02:00,0.8219,0.9394,13.1512,11000000000000100000000000100000
2025-05-20 03:00,2.0268,2.0268,32.4286,11000000000001100000000000000000
2025-05-20 04:00,1.2458,1.2458,19.9329,11000000000000000000000000000000
2025-05-20 05:00,0.3739,0.3739,5.9827,11000000000000100000000000000000
2025-05-20 06:00,0.3415,0.3415,5.4643,11000000000000000000000000000000
2025-05-20 07:00,0.3487,0.3487,5.5787,11000000000000010000000000000000
2025-05-20 08:00,0.2182,0.2494,3.4919,11000000000000010010000000000000
2025-05-20 09:00,0.1166,0.1554,1.8650,11000000000000010000000000000000
2025-05-20 10:00,0.0787,0.1399,1.2594,11000000000000000000000000000000
2025-05-20 11:00,1.7918,2.8669,28.6685,11000000000000000010000000000000
2025-05-20 12:00,2.7387,3.6516,43.8187,11000000000000000000000000000000
2025-05-20 13:00,1.5026,4.0070,24.0418,11000000000000000000000000000000
2025-05-20 14:00,0.0000,-999,0.0000,11000000000000100000000000000000
2025-05-20 15:00,0.3135,2.5083,5.0165,11000000000001100000000000000000
2025-05-20 16:00,0.1033,1.6535,1.6535,11000000000001100000000000000000
2025-05-20 17:00,0.0000,-999,0.0000,11000000000000000000000000000000
2025-05-20 18:00,0.0000,-999,0.0000,11000000000000000000000000000000
2025-05-20 19:00,0.3438,1.8334,5.5001,11000000000000010000000000000000
2025-05-20 20:00,0.4116,1.0977,6.5862,11000000000000000000000000000000
2025-05-20 21:00,0.1424,0.2071,2.2779,11000000000000010000000000000000
2025-05-20 22:00,0.0000,-999,0.0000,11000000000000000010000000000000
2025-05-20 23:00,0.0000,-999,0.0000,11000000000000000000000000100000
2025-05-21 00:00,0.0000,-999,0.0000,11000000000001000010000000100000
2025-05-21 01:00,0.0000,-999,0.0000,11000000000001000000000000100000
2025-05-21 02:00,0.0000,-999,0.0000,11000000000001000000000000000000
2025-05-21 03:00,0.0000,-999,0.0000,11000000000000100000000000000000
2025-05-21 04:00,0.0014,0.0223,0.0223,11000000000000000000000000000000
2025-05-21 05:00,0.0000,-999,0.0000,11000000000000100000000000000000
2025-05-21 06:00,0.0000,-999,0.0000,11000000000000010000000000000000
2025-05-21 07:00,0.0000,-999,0.0000,11000000000000010000000000000000
2025-05-21 08:00,0.0000,-999,0.0000,11000000000000010000000000000000
2025-05-21 09:00,0.0000,-999,0.0000,11000000000000000000000000000000
2025-05-21 10:00,0.0000,-999,0.0000,11000000000000000000000000000000
2025-05-21 11:00,0.0000,-999,0.0000,11000000000000000000000000000000
2025-05-21 12:00,0.0000,-999,0.0000,11000000000000000000000000100000
2025-05-21 13:00,0.0000,-999,0.0000,11000000000000000000000000100000
2025-05-21 14:00,0.0000,-999,0.0000,11000000000001100000000000000000
2025-05-21 15:00,0.0000,-999,0.0000,11000000000001000000000000000000
2025-05-21 16:00,0.0000,-999,0.0000,11000000000001100000000000000000
2025-05-21 17:00,0.0000,-999,0.0000,11000000000000000000000000000000
2025-05-21 18:00,0.0000,-999,0.0000,11000000000000000000000000000000
2025-05-21 19:00,0.0000,-999,0.0000,11000000000000000000000000000000
2025-05-21 20:00,0.0000,-999,0.0000,11000000000000010000000000000000
2025-05-21 21:00,0.0000,-999,0.0000,11000000000000010000000000000000
2025-05-21 22:00,0.0000,-999,0.0000,11000000000000000000000000000000
2025-05-21 23:00,0.0000,-999,0.0000,11000000000000000010000000100000
2025-05-22 00:00,0.0000,-999,0.0000,11000000000001000010000000000000
2025-05-22 01:00,0.0000,-999,0.0000,11000000000001000000000000100000
2025-05-22 02:00,0.0000,-999,0.0000,11000000000001100000000000000000
2025-05-22 03:00,0.0000,-999,0.0000,11000000000000100000000000000000
2025-05-22 04:00,0.0000,-999,0.0000,11000000000000100000000000000000
2025-05-22 05:00,0.0000,-999,0.0000,11000000000000000000000000000000
2025-05-22 06:00,0.0000,-999,0.0000,11000000000000010000000000000000
2025-05-22 07:00,0.0000,-999,0.0000,11000000000000010000000000000000
2025-05-22 08:00,0.0000,-999,0.0000,11000000000000010000000000000000
2025-05-22 09:00,0.0000,-999,0.0000,11000000000000000010000000000000
2025-05-22 10:00,0.0000,-999,0.0000,11000000000000000000000000000000
2025-05-22 11:00,0.0000,-999,0.0000,11000000000000000000000000000000
2025-05-22 12:00,0.0000,-999,0.0000,11000000000000000000000000000000
2025-05-22 13:00,0.0000,-999,0.0000,11000000000001000000000000000000
2025-05-22 14:00,0.0000,-999,0.0000,11000000000000100000000000000000
2025-05-22 15:00,0.0000,-999,0.0000,11000000000001100000000000000000
2025-05-22 16:00,0.0000,-999,0.0000,11000000000000000000000000000000
2025-05-22 17:00,0.0000,-999,0.0000,11000000000000000000000000000000
2025-05-22 18:00,0.0000,-999,0.0000,11000000000000000000000000000000
2025-05-22 19:00,0.0000,-999,0.0000,11000000000000010000000000000000
2025-05-22 20:00,0.0000,-999,0.0000,11000000000000010000000000000000
2025-05-22 21:00,0.0000,-999,0.0000,11000000000000000000000000000000
2025-05-22 22:00,0.0000,-999,0.0000,11000000000000000000000000000000
2025-05-22 23:00,0.0000,-999,0.0000,11000000000001000010000000000000
2025-05-23 00:00,0.0000,-999,0.0000,11000000000000000000000000000000
2025-05-23 01:00,0.0000,-999,0.0000,11000000000001000000000000000000
2025-05-23 02:00,0.0000,-999,0.0000,11000000000001100000000000100000
2025-05-23 03:00,0.0000,-999,0.0000,11000000000000000000000000000000
2025-05-23 04:00,0.0000,-999,0.0000,11000000000000100000000000000000
2025-05-23 05:00,0.0000,-999,0.0000,11000000000000000000000000000000
2025-05-23 06:00,0.0000,-999,0.0000,11000000000000010000000000000000
2025-05-23 07:00,0.0000,-999,0.0000,11000000000000010000000000000000
2025-05-23 08:00,0.0000,-999,0.0000,11000000000000000000000000000000
2025-05-23 09:00,0.0000,-999,0.0000,11000000000000010010000000000000
2025-05-23 10:00,0.0000,-999,0.0000,11000000000000000000000000000000
2025-05-23 11:00,0.0000,-999,0.0000,11000000000000000000000000000000
2025-05-23 12:00,0.0000,-999,0.0000,11000000000000000000000000100000
2025-05-23 13:00,0.0000,-999,0.0000,11000000000001100000000000000000
2025-05-23 14:00,0.0000,-999,0.0000,11000000000001000000000000000000
2025-05-23 15:00,0.0000,-999,0.0000,11000000000000100000000000000000
2025-05-23 16:00,0.0000,-999,0.0000,11000000000001000000000000000000
2025-05-23 17:00,0.0000,-999,0.0000,11000000000000000000000000000000
2025-05-23 18:00,0.0000,-999,0.0000,11000000000000000000000000000000
2025-05-23 19:00,0.4653,1.2408,7.4450,11000000000000010000000000000000
2025-05-23 20:00,0.4535,1.4512,7.2560,11000000000000010000000000000000
2025-05-23 21:00,0.0312,0.2499,0.4997,11000000000000010010000000000000
2025-05-23 22:00,0.0000,-999,0.0000,11000000000000000000000000000000
2025-05-23 23:00,0.0000,-999,0.0000,11000000000000000010000000000000
2025-05-24 00:00,0.0000,-999,0.0000,11000000000001000000000000100000
2025-05-24 01:00,0.0000,-999,0.0000,11000000000000000000000000100000
2025-05-24 02:00,0.0101,0.0324,0.1621,11000000000001100000000000100000
2025-05-24 03:00,0.0204,0.0653,0.3267,11000000000000100000000000000000
2025-05-24 04:00,0.0041,0.0132,0.0659,11000000000000100000000000000000
2025-05-24 05:00,0.0474,0.0689,0.7577,11000000000000100000000000000000
2025-05-24 06:00,0.0503,0.0732,0.8053,11000000000000010000000000000000
2025-05-24 07:00,0.0415,0.0604,0.6643,11000000000000000000000000000000
2025-05-24 08:00,0.0634,0.1015,1.0146,11000000000000010000000000000000
2025-05-24 09:00,0.0359,0.0574,0.5738,11000000000000000010000000000000
2025-05-24 10:00,0.0000,-999,0.0000,11000000000000000010000000000000
2025-05-24 11:00,0.0000,-999,0.0000,11000000000000000000000000000000
2025-05-24 12:00,0.0000,-999,0.0000,11000000000000000000000000100000
2025-05-24 13:00,0.0000,-999,0.0000,11000000000001100000000000000000
2025-05-24 14:00,0.0000,-999,0.0000,11000000000001000000000000000000
2025-05-24 15:00,0.0000,-999,0.0000,11000000000001100000000000000000
2025-05-24 16:00,0.0055,0.0146,0.0874,11000000000000100000000000000000
2025-05-24 17:00,0.0286,0.0416,0.4579,11000000000000000000000000000000
2025-05-24 18:00,0.0431,0.0492,0.6893,11000000000000010000000000000000
2025-05-24 19:00,0.0817,0.0817,1.3067,11000000000000010000000000000000
2025-05-24 20:00,0.2298,0.2298,3.6771,11000000000000010000000000000000
2025-05-24 21:00,0.1025,0.1025,1.6394,11000000000000000000000000000000
2025-05-24 22:00,0.0701,0.0701,1.1218,11000000000000000000000000000000
2025-05-24 23:00,0.0476,0.1270,0.7617,11000000000001000010000000000000
2025-05-25 00:00,0.0320,0.0854,0.5121,11000000000000000000000000100000
2025-05-25 01:00,0.0153,0.1226,0.2453,11000000000001000000000000000000
2025-05-25 02:00,0.0077,0.0306,0.1226,11000000000000100000000000100000
2025-05-25 03:00,0.0000,-999,0.0000,11000000000000100000000000000000
2025-05-25 04:00,0.0000,-999,0.0000,11000000000000000000000000000000
2025-05-25 05:00,0.0013,0.0107,0.0214,11000000000000100000000000000000
2025-05-25 06:00,0.0023,0.0124,0.0371,11000000000000000000000000000000
2025-05-25 07:00,0.0138,0.0170,0.2205,11000000000000010000000000000000
2025-05-25 08:00,0.0657,0.0751,1.0513,11000000000000000000000000000000
2025-05-25 09:00,0.1081,0.1081,1.7296,11000000000000010000000000000000
2025-05-25 10:00,0.5361,0.5361,8.5782,11000000000000000010000000000000
2025-05-25 11:00,0.1508,0.1856,2.4125,11000000000000000000000000000000
2025-05-25 12:00,0.0566,0.0823,0.9054,11000000000000000000000000000000
2025-05-25 13:00,0.2963,0.3647,4.7414,11000000000001000000000000000000
2025-05-25 14:00,0.6190,0.9904,9.9037,11000000000001100000000000000000
2025-05-25 15:00,0.9624,1.2831,15.3977,11000000000000000000000000000000
2025-05-25 16:00,0.7480,0.7978,11.9672,11000000000000100000000000000000
2025-05-25 17:00,0.7902,0.7902,12.6430,11000000000000000000000000000000
2025-05-25 18:00,0.8600,0.8600,13.7598,11000000000000000000000000000000
2025-05-25 19:00,0.3213,0.3213,5.1404,11000000000000010000000000000000
2025-05-25 20:00,0.1198,0.1198,1.9169,11000000000000000000000000000000
2025-05-25 21:00,0.0450,0.0450,0.7208,11000000000000010000000000000000
2025-05-25 22:00,0.0190,0.0190,0.3036,11000000000000000000000000000000
2025-05-25 23:00,0.0000,-999,0.0000,11000000000001000010000000000000
2025-05-26 00:00,0.0000,-999,0.0000,11000000000001000000000000100000
2025-05-26 01:00,0.0000,-999,0.0000,11000000000000000000000000000000
2025-05-26 02:00,0.0000,-999,0.0000,11000000000000000000000000000000
2025-05-26 03:00,0.0000,-999,0.0000,11000000000000100000000000000000
2025-05-26 04:00,0.0000,-999,0.0000,11000000000000100000000000000000
2025-05-26 05:00,0.0000,-999,0.0000,11000000000000100000000000000000
2025-05-26 06:00,0.0000,-999,0.0000,11000000000000010000000000000000
2025-05-26 07:00,0.0000,-999,0.0000,11000000000000000000000000000000
2025-05-26 08:00,0.0000,-999,0.0000,11000000000000010000000000000000
2025-05-26 09:00,0.0000,-999,0.0000,11000000000000000000000000000000
2025-05-26 10:00,0.0000,-999,0.0000,11000000000000000000000000000000
2025-05-26 11:00,0.0000,-999,0.0000,11000000000000000000000000000000
2025-05-26 12:00,0.0000,-999,0.0000,11000000000001000000000000000000
2025-05-26 13:00,0.0000,-999,0.0000,11000000000000000000000000000000
2025-05-26 14:00,0.0000,-999,0.0000,11000000000001100000000000000000
2025-05-26 15:00,0.0000,-999,0.0000,11000000000001000000000000000000
2025-05-26 16:00,0.0000,-999,0.0000,11000000000000100000000000000000
2025-05-26 17:00,0.0000,-999,0.0000,11000000000000000000000000000000
2025-05-26 18:00,0.0000,-999,0.0000,11000000000000010000000000000000
2025-05-26 19:00,0.0000,-999,0.0000,11000000000000000000000000000000
2025-05-26 20:00,0.0000,-999,0.0000,11000000000000010000000000000000
2025-05-26 21:00,0.0000,-999,0.0000,11000000000000000000000000000000
2025-05-26 22:00,0.0000,-999,0.0000,11000000000001000000000000000000
2025-05-26 23:00,0.0000,-999,0.0000,11000000000001000000000000000000
2025-05-27 00:00,0.0000,-999,0.0000,11000000000001000010000000000000
2025-05-27 01:00,0.0000,-999,0.0000,11000000000001000000000000000000
2025-05-27 02:00,0.0000,-999,0.0000,11000000000000100000000000000000
2025-05-27 03:00,0.0006,0.0103,0.0103,11000000000000100000000000000000
2025-05-27 04:00,0.0000,-999,0.0000,11000000000000100000000000000000
2025-05-27 05:00,0.0000,-999,0.0000,11000000000000000000000000000000
2025-05-27 06:00,0.0000,-999,0.0000,11000000000000000000000000000000
2025-05-27 07:00,0.0000,-999,0.0000,11000000000000010000000000000000
2025-05-27 08:00,0.0000,-999,0.0000,11000000000000010010000000000000
2025-05-27 09:00,0.0000,-999,0.0000,11000000000000010000000000000000
2025-05-27 10:00,0.0000,-999,0.0000,11000000000000000010000000000000
2025-05-27 11:00,0.0000,-999,0.0000,11000000000001000000000000000000
2025-05-27 12:00,0.0000,-999,0.0000,11000000000000000000000000000000
2025-05-27 13:00,0.0000,-999,0.0000,11000000000001000000000000000000
2025-05-27 14:00,0.0000,-999,0.0000,11000000000000100000000000000000
2025-05-27 15:00,0.0000,-999,0.0000,11000000000001100000000000000000
2025-05-27 16:00,0.0000,-999,0.0000,11000000000000000000000000000000
2025-05-27 17:00,0.0000,-999,0.0000,11000000000000000000000000000000
2025-05-27 18:00,0.0000,-999,0.0000,11000000000000000000000000000000
2025-05-27 19:00,0.0000,-999,0.0000,11000000000000010000000000000000
2025-05-27 20:00,0.0000,-999,0.0000,11000000000000000000000000000000
2025-05-27 21:00,0.0000,-999,0.0000,11000000000000010010000000000000
2025-05-27 22:00,0.0000,-999,0.0000,11000000000000000000000000000000
2025-05-27 23:00,0.0000,-999,0.0000,11000000000001000000000000000000
2025-05-28 00:00,0.0000,-999,0.0000,11000000000001000010000000000000
2025-05-28 01:00,0.0000,-999,0.0000,11000000000000000000000000000000
2025-05-28 02:00,0.0000,-999,0.0000,11000000000000100000000000000000
2025-05-28 03:00,0.0000,-999,0.0000,11000000000000000000000000000000
2025-05-28 04:00,0.0000,-999,0.0000,11000000000000100000000000000000
2025-05-28 05:00,0.0000,-999,0.0000,11000000000000000000000000000000
2025-05-28 06:00,0.0000,-999,0.0000,11000000000000010000000000000000
2025-05-28 07:00,0.0000,-999,0.0000,11000000000000000000000000000000
2025-05-28 08:00,0.0000,-999,0.0000,11000000000000010000000000000000
2025-05-28 09:00,0.0000,-999,0.0000,11000000000000000010000000000000
2025-05-28 10:00,0.0000,-999,0.0000,11000000000000000000000000000000
2025-05-28 11:00,0.0000,-999,0.0000,11000000000000000010000000000000
2025-05-28 12:00,0.0000,-999,0.0000,11000000000001000000000000000000
2025-05-28 13:00,0.0000,-999,0.0000,11000000000000100000000000100000
2025-05-28 14:00,0.0000,-999,0.0000,11000000000001000000000000000000
2025-05-28 15:00,0.0000,-999,0.0000,11000000000000100000000000000000
2025-05-28 16:00,0.0000,-999,0.0000,11000000000000000000000000000000
2025-05-28 17:00,0.0000,-999,0.0000,11000000000000100000000000000000
2025-05-28 18:00,0.0000,-999,0.0000,11000000000000010000000000000000
2025-05-28 19:00,0.0000,-999,0.0000,11000000000000000000000000000000
2025-05-28 20:00,0.0000,-999,0.0000,11000000000000010000000000000000
2025-05-28 21:00,0.0000,-999,0.0000,11000000000000010000000000000000
2025-05-28 22:00,0.0000,-999,0.0000,11000000000001000010000000000000
2025-05-28 23:00,0.0000,-999,0.0000,11000000000000000000000000000000
2025-05-29 00:00,0.0000,-999,0.0000,11000000000001000010000000000000
2025-05-29 01:00,0.0000,-999,0.0000,11000000000000000000000000000000
2025-05-29 02:00,0.0000,-999,0.0000,11000000000000100000000000000000
2025-05-29 03:00,0.0000,-999,0.0000,11000000000000100000000000000000
2025-05-29 04:00,0.0000,-999,0.0000,11000000000000100000000000000000
2025-05-29 05:00,0.0000,-999,0.0000,11000000000000100000000000000000
2025-05-29 06:00,0.0117,0.1870,0.1870,11000000000000000000000000000000
2025-05-29 07:00,0.0161,0.1285,0.2570,11000000000000010000000000000000
2025-05-29 08:00,0.0199,0.1059,0.3177,11000000000000010000000000000000
2025-05-29 09:00,0.0167,0.0889,0.2667,11000000000000000010000000000000
2025-05-29 10:00,0.0200,0.1067,0.3201,11000000000000000000000000000000
2025-05-29 11:00,0.0199,0.1061,0.3184,11000000000001000000000000100000
2025-05-29 12:00,0.0487,0.2597,0.7791,11000000000001000000000000100000
2025-05-29 13:00,0.0533,0.4262,0.8524,11000000000001100000000000000000
2025-05-29 14:00,0.0186,0.1492,0.2983,11000000000000000000000000000000
2025-05-29 15:00,0.0000,-999,0.0000,11000000000000100000000000000000
2025-05-29 16:00,0.0000,-999,0.0000,11000000000000100000000000000000
2025-05-29 17:00,0.0000,-999,0.0000,11000000000000000000000000000000
2025-05-29 18:00,0.0000,-999,0.0000,11000000000000000000000000000000
2025-05-29 19:00,0.0000,-999,0.0000,11000000000000010000000000000000
2025-05-29 20:00,0.0000,-999,0.0000,11000000000000010000000000000000
2025-05-29 21:00,0.0000,-999,0.0000,11000000000001010000000000000000
2025-05-29 22:00,0.0000,-999,0.0000,11000000000000000000000000000000
2025-05-29 23:00,0.0000,-999,0.0000,11000000000001000000000000000000
2025-05-30 00:00,0.0000,-999,0.0000,11000000000000000000000000000000
2025-05-30 01:00,0.0000,-999,0.0000,11000000000001000000000000000000
2025-05-30 02:00,0.0000,-999,0.0000,11000000000000100000000000000000
2025-05-30 03:00,0.0000,-999,0.0000,11000000000000100000000000000000
2025-05-30 04:00,0.0000,-999,0.0000,11000000000000000000000000000000
2025-05-30 05:00,0.0000,-999,0.0000,11000000000000100000000000000000
2025-05-30 06:00,0.0000,-999,0.0000,11000000000000010000000000000000
2025-05-30 07:00,0.0000,-999,0.0000,11000000000000010000000000000000
2025-05-30 08:00,0.0000,-999,0.0000,11000000000000000000000000000000
2025-05-30 09:00,0.0000,-999,0.0000,11000000000000000010000000000000
2025-05-30 10:00,0.0000,-999,0.0000,11000000000000000000000000000000
2025-05-30 11:00,0.0000,-999,0.0000,11000000000001000010000000000000
2025-05-30 12:00,0.0000,-999,0.0000,11000000000001000000000000000000
2025-05-30 13:00,0.0000,-999,0.0000,11000000000000000000000000000000
2025-05-30 14:00,0.0000,-999,0.0000,11000000000001100000000000000000
2025-05-30 15:00,0.0000,-999,0.0000,11000000000000000000000000000000
2025-05-30 16:00,0.0000,-999,0.0000,11000000000000100000000000000000
2025-05-30 17:00,0.0000,-999,0.0000,11000000000000000000000000000000
2025-05-30 18:00,0.0000,-999,0.0000,11000000000000000000000000000000
2025-05-30 19:00,0.0000,-999,0.0000,11000000000000010000000000000000
2025-05-30 20:00,0.0000,-999,0.0000,11000000000000010000000000000000
2025-05-30 21:00,0.0000,-999,0.0000,11000000000001010010000000000000
2025-05-30 22:00,0.0000,-999,0.0000,11000000000001000010000000000000
2025-05-30 23:00,0.0000,-999,0.0000,11000000000000000010000000000000
2025-05-31 00:00,0.0000,-999,0.0000,11000000000001000000000000000000
2025-05-31 01:00,0.0000,-999,0.0000,11000000000000000000000000000000
2025-05-31 02:00,0.0000,-999,0.0000,11000000000000000000000000000000
2025-05-31 03:00,0.0000,-999,0.0000,11000000000000100000000000000000
2025-05-31 04:00,0.0000,-999,0.0000,11000000000000100000000000000000
2025-05-31 05:00,0.0000,-999,0.0000,11000000000000100000000000000000
2025-05-31 06:00,0.0000,-999,0.0000,11000000000000010000000000000000
2025-05-31 07:00,0.0000,-999,0.0000,11000000000000010000000000000000
2025-05-31 08:00,0.0000,-999,0.0000,11000000000000010000000000000000
2025-05-31 09:00,0.0000,-999,0.0000,11000000000000000000000000000000
2025-05-31 10:00,0.0000,-999,0.0000,11000000000000000010000000000000
2025-05-31 11:00,0.0000,-999,0.0000,11000000000000000000000000000000
2025-05-31 12:00,0.0000,-999,0.0000,11000000000001000000000000000000
2025-05-31 13:00,0.0000,-999,0.0000,11000000000001000000000000000000
2025-05-31 14:00,0.0000,-999,0.0000,11000000000000100000000000000000
2025-05-31 15:00,0.0000,-999,0.0000,11000000000000000000000000000000
2025-05-31 16:00,0.0000,-999,0.0000,11000000000000100000000000000000
2025-05-31 17:00,0.0000,-999,0.0000,11000000000000000000000000000000
2025-05-31 18:00,0.0000,-999,0.0000,11000000000000000000000000000000
2025-05-31 19:00,0.0000,-999,0.0000,11000000000000010000000000000000
2025-05-31 20:00,0.0000,-999,0.0000,11000000000000010000000000000000
2025-05-31 21:00,0.0000,-999,0.0000,11000000000001000000000000000000
2025-05-31 22:00,0.0000,-999,0.0000,11000000000001000000000000000000
2025-05-31 23:00,0.0000,-999,0.0000,11000000000001000000000000000000
2025-06-01 00:00,0.0000,-999,0.0000,11000000000000000000000000000000
2025-06-01 01:00,0.0000,-999,0.0000,11000000000000000000000000000000
2025-06-01 02:00,0.0000,-999,0.0000,11000000000000100000000000000000
2025-06-01 03:00,0.0000,-999,0.0000,11000000000000100000000000000000
2025-06-01 04:00,0.0000,-999,0.0000,11000000000000100000000000000000
2025-06-01 05:00,0.0000,-999,0.0000,11000000000000000000000000000000
2025-06-01 06:00,0.0000,-999,0.0000,11000000000000010000000000000000
2025-06-01 07:00,0.0000,-999,0.0000,11000000000000010000000000000000
2025-06-01 08:00,0.0000,-999,0.0000,11000000000000000000000000000000
2025-06-01 09:00,0.0000,-999,0.0000,11000000000000010000000000000000
2025-06-01 10:00,0.0000,-999,0.0000,11000000000000000000000000000000
2025-06-01 11:00,0.0000,-999,0.0000,11000000000001000000000000000000
2025-06-01 12:00,0.0022,0.0117,0.0352,11000000000000000000000000000000
2025-06-01 13:00,0.0073,0.0117,0.1167,11000000000001000000000000000000
2025-06-01 14:00,0.0092,0.0133,0.1468,11000000000000100000000000000000
2025-06-01 15:00,0.2077,0.3323,3.3231,11000000000000100000000000000000
2025-06-01 16:00,0.0085,0.0135,0.1354,11000000000000000000000000000000
2025-06-01 17:00,0.0069,0.0123,0.1107,11000000000000000000000000000000
2025-06-01 18:00,0.0046,0.0105,0.0736,11000000000000000000000000000000
2025-06-01 19:00,0.0000,-999,0.0000,11000000000000010000000000000000
2025-06-01 20:00,0.0000,-999,0.0000,11000000000000000000000000000000
2025-06-01 21:00,0.0000,-999,0.0000,11000000000001010010000000000000
2025-06-01 22:00,0.0000,-999,0.0000,11000000000001000000000000000000
2025-06-01 23:00,0.0000,-999,0.0000,11000000000001000010000000000000
2025-06-02 00:00,0.0000,-999,0.0000,11000000000000000000000000000000
2025-06-02 01:00,0.0000,-999,0.0000,11000000000000000000000000000000
2025-06-02 02:00,0.0000,-999,0.0000,11000000000000100000000000000000
2025-06-02 03:00,0.0000,-999,0.0000,11000000000000000000000000000000
2025-06-02 04:00,0.0000,-999,0.0000,11000000000000100000000000000000
2025-06-02 05:00,0.0000,-999,0.0000,11000000000000000000000000000000
2025-06-02 06:00,0.0000,-999,0.0000,11000000000000010000000000000000
2025-06-02 07:00,0.0000,-999,0.0000,11000000000000000000000000000000
2025-06-02 08:00,0.0000,-999,0.0000,11000000000000010000000000000000
2025-06-02 09:00,0.0000,-999,0.0000,11000000000000000000000000000000
2025-06-02 10:00,0.0000,-999,0.0000,11000000000001000000000000000000
2025-06-02 11:00,0.0057,0.0920,0.0920,11000000000000000000000000000000
2025-06-02 12:00,0.0000,-999,0.0000,11000000000001000000000000000000
2025-06-02 13:00,0.0000,-999,0.0000,11000000000000100000000000100000
2025-06-02 14:00,0.0000,-999,0.0000,11000000000000000000000000000000
2025-06-02 15:00,0.0000,-999,0.0000,11000000000000100000000000000000
2025-06-02 16:00,0.0000,-999,0.0000,11000000000000000000000000000000
2025-06-02 17:00,0.0000,-999,0.0000,11000000000000100000000000000000
2025-06-02 18:00,0.0000,-999,0.0000,11000000000000010000000000000000
2025-06-02 19:00,0.0000,-999,0.0000,11000000000000010000000000000000
2025-06-02 20:00,0.0000,-999,0.0000,11000000000001010000000000000000
2025-06-02 21:00,0.0000,-999,0.0000,11000000000000000010000000000000
2025-06-02 22:00,0.0000,-999,0.0000,11000000000001000010000000000000
2025-06-02 23:00,0.0000,-999,0.0000,11000000000001000010000000000000
2025-06-03 00:00,0.0000,-999,0.0000,11000000000000000000000000000000
2025-06-03 01:00,0.0000,-999,0.0000,11000000000000000000000000000000
2025-06-03 02:00,0.0000,-999,0.0000,11000000000000100000000000000000
2025-06-03 03:00,0.0000,-999,0.0000,11000000000000100000000000000000
2025-06-03 04:00,0.0000,-999,0.0000,11000000000000100000000000000000
2025-06-03 05:00,0.0000,-999,0.0000,11000000000000100000000000000000
2025-06-03 06:00,0.0000,-999,0.0000,11000000000000000000000000000000
2025-06-03 07:00,0.0000,-999,0.0000,11000000000000010000000000000000
2025-06-03 08:00,0.0000,-999,0.0000,11000000000000000010000000000000
2025-06-03 09:00,0.0000,-999,0.0000,11000000000000010000000000000000
2025-06-03 10:00,0.0000,-999,0.0000,11000000000001000000000000000000
2025-06-03 11:00,0.0000,-999,0.0000,11000000000001000000000000000000
2025-06-03 12:00,0.0000,-999,0.0000,11000000000000000000000000000000
2025-06-03 13:00,0.0000,-999,0.0000,11000000000001100000000000000000
2025-06-03 14:00,0.0000,-999,0.0000,11000000000000000000000000000000
2025-06-03 15:00,0.0000,-999,0.0000,11000000000000100000000000000000
2025-06-03 16:00,0.0000,-999,0.0000,11000000000000100000000000000000
2025-06-03 17:00,0.0000,-999,0.0000,11000000000000000000000000000000
2025-06-03 18:00,0.0000,-999,0.0000,11000000000000000000000000000000
2025-06-03 19:00,0.0000,-999,0.0000,11000000000000010000000000000000
2025-06-03 20:00,0.0000,-999,0.0000,11000000000000000000000000000000
2025-06-03 21:00,0.0000,-999,0.0000,11000000000001010010000000000000
2025-06-03 22:00,0.0000,-999,0.0000,11000000000000000000000000000000
2025-06-03 23:00,0.0000,-999,0.0000,11000000000001000000000000000000
2025-06-04 00:00,0.0000,-999,0.0000,11000000000000000010000000100000
2025-06-04 01:00,0.0000,-999,0.0000,11000000000000000000000000100000
2025-06-04 02:00,0.0000,-999,0.0000,11000000000000000000000000000000
2025-06-04 03:00,0.0000,-999,0.0000,11000000000000100000000000000000
2025-06-04 04:00,0.0000,-999,0.0000,11000000000000000000000000000000
2025-06-04 05:00,0.0000,-999,0.0000,11000000000000100000000000000000
2025-06-04 06:00,0.0000,-999,0.0000,11000000000000010000000000000000
2025-06-04 07:00,0.0000,-999,0.0000,11000000000000000000000000000000
2025-06-04 08:00,0.0000,-999,0.0000,11000000000000010000000000000000
2025-06-04 09:00,0.0000,-999,0.0000,11000000000000000010000000000000
2025-06-04 10:00,0.0000,-999,0.0000,11000000000001000010000000000000
2025-06-04 11:00,0.0000,-999,0.0000,11000000000001000010000000100000
2025-06-04 12:00,0.0000,-999,0.0000,11000000000001000000000000000000
2025-06-04 13:00,0.0000,-999,0.0000,11000000000000000000000000100000
2025-06-04 14:00,0.0000,-999,0.0000,11000000000000100000000000000000
2025-06-04 15:00,0.0000,-999,0.0000,11000000000000000000000000000000
2025-06-04 16:00,0.0000,-999,0.0000,11000000000000100000000000000000
2025-06-04 17:00,0.0000,-999,0.0000,11000000000000000000000000000000
2025-06-04 18:00,0.0000,-999,0.0000,11000000000000010000000000000000
2025-06-04 19:00,0.0000,-999,0.0000,11000000000000000000000000000000
2025-06-04 20:00,0.0000,-999,0.0000,11000000000001010000000000000000
2025-06-04 21:00,0.0000,-999,0.0000,11000000000000010000000000000000
2025-06-04 22:00,0.0000,-999,0.0000,11000000000001000000000000000000
2025-06-04 23:00,0.0000,-999,0.0000,11000000000000000000000000000000
2025-06-05 00:00,0.0000,-999,0.0000,11000000000000000010000000000000
2025-06-05 01:00,0.0000,-999,0.0000,11000000000000000000000000000000
2025-06-05 02:00,0.0000,-999,0.0000,11000000000000000000000000000000
2025-06-05 03:00,0.0000,-999,0.0000,11000000000000100000000000000000
2025-06-05 04:00,0.0000,-999,0.0000,11000000000000100000000000000000
2025-06-05 05:00,0.0000,-999,0.0000,11000000000000000000000000000000
2025-06-05 06:00,0.0000,-999,0.0000,11000000000000000000000000000000
2025-06-05 07:00,0.0000,-999,0.0000,11000000000000010000000000000000
2025-06-05 08:00,0.0000,-999,0.0000,11000000000000010000000000000000
2025-06-05 09:00,0.0000,-999,0.0000,11000000000000010000000000000000
2025-06-05 10:00,0.0000,-999,0.0000,11000000000001000000000000000000
2025-06-05 11:00,0.0000,-999,0.0000,11000000000001000010000000000000
2025-06-05 12:00,0.0000,-999,0.0000,11000000000000000000000000000000
2025-06-05 13:00,0.0000,-999,0.0000,11000000000000000000000000000000
2025-06-05 14:00,0.0000,-999,0.0000,11000000000000100000000000000000
2025-06-05 15:00,0.0000,-999,0.0000,11000000000000000000000000000000
2025-06-05 16:00,0.0000,-999,0.0000,11000000000000100000000000000000
2025-06-05 17:00,0.0000,-999,0.0000,11000000000000000000000000000000
2025-06-05 18:00,0.0000,-999,0.0000,11000000000000000000000000000000
2025-06-05 19:00,0.0000,-999,0.0000,11000000000000010000000000000000
2025-06-05 20:00,0.0000,-999,0.0000,11000000000001000000000000000000
2025-06-05 21:00,0.0000,-999,0.0000,11000000000001010000000000000000
2025-06-05 22:00,0.0000,-999,0.0000,11000000000000000000000000000000
2025-06-05 23:00,0.0000,-999,0.0000,11000000000000000010000000000000
2025-06-06 00:00,0.0000,-999,0.0000,11000000000000000010000000000000
2025-06-06 01:00,0.0000,-999,0.0000,11000000000000000000000000000000
2025-06-06 02:00,0.0000,-999,0.0000,11000000000000100000000000000000
2025-06-06 03:00,0.0000,-999,0.0000,11000000000000000000000000000000
2025-06-06 04:00,0.0000,-999,0.0000,11000000000000100000000000000000
2025-06-06 05:00,0.0000,-999,0.0000,11000000000000000000000000000000
2025-06-06 06:00,0.0000,-999,0.0000,11000000000000010000000000000000
2025-06-06 07:00,0.0000,-999,0.0000,11000000000000010000000000000000
2025-06-06 08:00,0.0000,-999,0.0000,11000000000000010000000000000000
2025-06-06 09:00,0.0000,-999,0.0000,11000000000001000010000000000000
2025-06-06 10:00,0.0000,-999,0.0000,11000000000000000000000000000000
2025-06-06 11:00,0.0000,-999,0.0000,11000000000001000010000000000000
2025-06-06 12:00,0.0000,-999,0.0000,11000000000000000000000000000000
2025-06-06 13:00,0.0000,-999,0.0000,11000000000000000000000000000000
2025-06-06 14:00,0.0000,-999,0.0000,11000000000000100000000000100000
2025-06-06 15:00,0.0000,-999,0.0000,11000000000000100000000000000000
2025-06-06 16:00,0.0000,-999,0.0000,11000000000000000000000000000000
2025-06-06 17:00,0.0000,-999,0.0000,11000000000000000000000000000000
2025-06-06 18:00,0.0000,-999,0.0000,11000000000000000000000000000000
2025-06-06 19:00,0.0000,-999,0.0000,11000000000001000000000000000000
2025-06-06 20:00,0.0000,-999,0.0000,11000000000001010000000000000000
2025-06-06 21:00,0.0000,-999,0.0000,11000000000001010000000000000000
2025-06-06 22:00,0.0000,-999,0.0000,11000000000001000000000000000000
2025-06-06 23:00,0.0000,-999,0.0000,11000000000000000000000000100000
2025-06-07 00:00,0.0000,-999,0.0000,11000000000000000000000000000000
2025-06-07 01:00,0.0000,-999,0.0000,11000000000000000000000000000000
2025-06-07 02:00,0.0000,-999,0.0000,11000000000000100000000000000000
2025-06-07 03:00,0.0000,-999,0.0000,11000000000000000000000000000000
2025-06-07 04:00,0.0000,-999,0.0000,11000000000000100000000000000000
2025-06-07 05:00,0.0000,-999,0.0000,11000000000000000000000000000000
2025-06-07 06:00,0.0000,-999,0.0000,11000000000000010000000000000000
2025-06-07 07:00,0.0000,-999,0.0000,11000000000000010000000000000000
2025-06-07 08:00,0.0000,-999,0.0000,11000000000001010000000000000000
2025-06-07 09:00,0.0000,-999,0.0000,11000000000000000000000000000000
2025-06-07 10:00,0.0000,-999,0.0000,11000000000001000010000000000000
2025-06-07 11:00,0.0000,-999,0.0000,11000000000000000010000000000000
2025-06-07 12:00,0.0000,-999,0.0000,11000000000001000000000000000000
2025-06-07 13:00,0.0000,-999,0.0000,11000000000000100000000000000000
2025-06-07 14:00,0.0000,-999,0.0000,11000000000000000000000000000000
2025-06-07 15:00,0.0000,-999,0.0000,11000000000000100000000000000000
2025-06-07 16:00,0.0000,-999,0.0000,11000000000000000000000000000000
2025-06-07 17:00,0.0000,-999,0.0000,11000000000000100000000000000000
2025-06-07 18:00,0.0000,-999,0.0000,11000000000000000000000000000000
2025-06-07 19:00,0.0000,-999,0.0000,11000000000000010000000000000000
2025-06-07 20:00,0.0000,-999,0.0000,11000000000001010000000000000000
2025-06-07 21:00,0.0000,-999,0.0000,11000000000001000010000000000000
2025-06-07 22:00,0.0000,-999,0.0000,11000000000000000000000000000000
2025-06-07 23:00,0.0000,-999,0.0000,11000000000000000010000000000000
2025-06-08 00:00,0.0000,-999,0.0000,11000000000000000000000000000000
2025-06-08 01:00,0.0000,-999,0.0000,11000000000000000000000000000000
2025-06-08 02:00,0.0000,-999,0.0000,11000000000000100000000000000000
2025-06-08 03:00,0.0000,-999,0.0000,11000000000000100000000000000000
2025-06-08 04:00,0.0000,-999,0.0000,11000000000000000000000000000000
2025-06-08 05:00,0.0000,-999,0.0000,11000000000000100000000000000000
2025-06-08 06:00,0.0000,-999,0.0000,11000000000000010000000000000000
2025-06-08 07:00,0.0000,-999,0.0000,11000000000000010000000000000000
2025-06-08 08:00,0.0000,-999,0.0000,11000000000000000010000000000000
2025-06-08 09:00,0.0000,-999,0.0000,11000000000001010010000000000000
2025-06-08 10:00,0.0000,-999,0.0000,11000000000000000010000000000000
2025-06-08 11:00,0.0000,-999,0.0000,11000000000001000000000000000000
2025-06-08 12:00,0.0000,-999,0.0000,11000000000000000000000000000000
2025-06-08 13:00,0.1018,0.5429,1.6288,11000000000000100000000000000000
2025-06-08 14:00,0.0956,0.3823,1.5293,11000000000000100000000000000000
2025-06-08 15:00,0.0218,0.0581,0.3486,11000000000000100000000000000000
2025-06-08 16:00,0.0093,0.0185,0.1481,11000000000000100000000000000000
2025-06-08 17:00,0.0236,0.0343,0.3771,11000000000000000000000000000000
2025-06-08 18:00,0.0295,0.0673,0.4713,11000000000000000000000000000000
2025-06-08 19:00,0.0000,-999,0.0000,11000000000001010000000000000000
2025-06-08 20:00,0.0060,0.0478,0.0956,11000000000000010000000000000000
2025-06-08 21:00,0.0074,0.0595,0.1190,11000000000001010000000000000000
2025-06-08 22:00,0.0878,0.1080,1.4043,11000000000000000000000000000000
2025-06-08 23:00,0.2189,0.4377,3.5017,11000000000000000010000000000000
2025-06-09 00:00,0.0091,0.0365,0.1460,11000000000000000000000000000000
2025-06-09 01:00,0.0000,-999,0.0000,11000000000000000000000000000000
2025-06-09 02:00,0.0000,-999,0.0000,11000000000000000000000000100000
2025-06-09 03:00,0.0000,-999,0.0000,11000000000000100000000000000000
2025-06-09 04:00,0.0000,-999,0.0000,11000000000000000000000000000000
2025-06-09 05:00,0.0000,-999,0.0000,11000000000000100000000000000000
2025-06-09 06:00,0.0033,0.0177,0.0531,11000000000000010000000000000000
2025-06-09 07:00,0.0031,0.0250,0.0500,11000000000000000000000000000000
2025-06-09 08:00,0.0000,-999,0.0000,11000000000001010010000000000000
2025-06-09 09:00,0.0079,0.0635,0.1271,11000000000001000000000000000000
2025-06-09 10:00,0.0739,0.1971,1.1824,11000000000001000000000000000000
2025-06-09 11:00,0.0261,0.0596,0.4171,11000000000000000000000000100000
2025-06-09 12:00,0.0019,0.0153,0.0305,11000000000000000000000000100000
2025-06-09 13:00,0.0000,-999,0.0000,11000000000000000000000000100000
2025-06-09 14:00,0.0155,0.1241,0.2482,11000000000000100000000000000000
2025-06-09 15:00,0.0029,0.0157,0.0472,11000000000000000000000000000000
2025-06-09 16:00,0.0000,-999,0.0000,11000000000000100000000000000000
2025-06-09 17:00,0.0000,-999,0.0000,11000000000000000000000000000000
2025-06-09 18:00,0.0000,-999,0.0000,11000000000001010000000000000000
2025-06-09 19:00,0.0000,-999,0.0000,11000000000000010000000000000000
2025-06-09 20:00,0.0000,-999,0.0000,11000000000001010000000000000000
2025-06-09 21:00,0.0000,-999,0.0000,11000000000000000000000000000000
2025-06-09 22:00,0.0000,-999,0.0000,11000000000000000010000000000000
2025-06-09 23:00,0.0000,-999,0.0000,11000000000000000010000000000000
2025-06-10 00:00,0.0000,-999,0.0000,11000000000000000000000000000000
2025-06-10 01:00,0.0000,-999,0.0000,11000000000000000000000000000000
2025-06-10 02:00,0.0000,-999,0.0000,11000000000000000000000000000000
2025-06-10 03:00,0.0008,0.0129,0.0129,11000000000000100000000000000000
2025-06-10 04:00,0.0000,-999,0.0000,11000000000000100000000000000000
2025-06-10 05:00,0.0000,-999,0.0000,11000000000000000000000000000000
2025-06-10 06:00,0.0000,-999,0.0000,11000000000000000000000000000000
2025-06-10 07:00,0.0000,-999,0.0000,11000000000000010000000000000000
2025-06-10 08:00,0.0000,-999,0.0000,11000000000001000010000000000000
2025-06-10 09:00,0.0000,-999,0.0000,11000000000001010000000000000000
2025-06-10 10:00,0.0000,-999,0.0000,11000000000000000000000000000000
2025-06-10 11:00,0.0000,-999,0.0000,11000000000000000000000000100000
2025-06-10 12:00,0.0000,-999,0.0000,11000000000000000000000000000000
2025-06-10 13:00,0.0000,-999,0.0000,11000000000000000000000000100000
2025-06-10 14:00,0.0000,-999,0.0000,11000000000000100000000000000000
2025-06-10 15:00,0.0000,-999,0.0000,11000000000000100000000000000000
2025-06-10 16:00,0.0000,-999,0.0000,11000000000000100000000000000000
2025-06-10 17:00,0.0000,-999,0.0000,11000000000000000000000000000000
2025-06-10 18:00,0.3370,2.6963,5.3926,11000000000001000000000000000000
2025-06-10 19:00,0.4831,1.9324,7.7295,11000000000001010000000000000000
2025-06-10 20:00,0.4092,0.7275,6.5471,11000000000000000000000000000000
2025-06-10 21:00,0.3395,0.6790,5.4320,11000000000001010000000000000000
2025-06-10 22:00,0.1002,0.2291,1.6038,11000000000000000000000000000000
2025-06-10 23:00,0.1305,0.2320,2.0881,11000000000000000000000000000000
2025-06-11 00:00,0.0634,0.1692,1.0151,11000000000000000010000000100000
2025-06-11 01:00,0.0117,0.0932,0.1864,11000000000000000000000000100000
2025-06-11 02:00,0.0000,-999,0.0000,11000000000000100000000000000000
2025-06-11 03:00,0.0000,-999,0.0000,11000000000000000000000000000000
2025-06-11 04:00,0.0000,-999,0.0000,11000000000000100000000000000000
2025-06-11 05:00,0.0609,0.1624,0.9742,11000000000000000000000000000000
2025-06-11 06:00,0.2363,0.7563,3.7814,11000000000000010000000000000000
2025-06-11 07:00,0.1940,0.7759,3.1035,11000000000001000000000000000000
2025-06-11 08:00,0.0859,0.2292,1.3750,11000000000000010000000000000000
2025-06-11 09:00,0.2621,0.4659,4.1928,11000000000001000000000000000000
2025-06-11 10:00,0.3070,0.3778,4.9118,11000000000001000000000000000000
2025-06-11 11:00,0.1846,0.3693,2.9542,11000000000000000000000000100000
2025-06-11 12:00,0.2940,0.5881,4.7046,11000000000000000000000000000000
2025-06-11 13:00,0.0822,0.3288,1.3153,11000000000000100000000000100000
2025-06-11 14:00,0.0402,0.3218,0.6436,11000000000000100000000000000000
2025-06-11 15:00,0.0000,-999,0.0000,11000000000000100000000000000000
2025-06-11 16:00,0.0000,-999,0.0000,11000000000000000000000000000000
2025-06-11 17:00,0.0000,-999,0.0000,11000000000000000000000000000000
2025-06-11 18:00,0.0000,-999,0.0000,11000000000001010000000000000000
2025-06-11 19:00,0.0000,-999,0.0000,11000000000001000000000000000000
2025-06-11 20:00,0.0000,-999,0.0000,11000000000001010000000000000000
2025-06-11 21:00,0.0000,-999,0.0000,11000000000000000000000000000000
2025-06-11 22:00,0.0000,-999,0.0000,11000000000000000000000000000000
2025-06-11 23:00,0.0000,-999,0.0000,11000000000000000000000000000000
2025-06-12 00:00,0.0000,-999,0.0000,11000000000000000010000000000000
2025-06-12 01:00,0.0000,-999,0.0000,11000000000000000000000000000000
2025-06-12 02:00,0.0000,-999,0.0000,11000000000000100000000000000000
2025-06-12 03:00,0.0000,-999,0.0000,11000000000000000000000000000000
2025-06-12 04:00,0.0000,-999,0.0000,11000000000000100000000000000000
2025-06-12 05:00,0.0000,-999,0.0000,11000000000000100000000000000000
2025-06-12 06:00,0.0000,-999,0.0000,11000000000000000000000000000000
2025-06-12 07:00,0.0000,-999,0.0000,11000000000000010000000000000000
2025-06-12 08:00,0.0000,-999,0.0000,11000000000001010000000000000000
2025-06-12 09:00,0.0000,-999,0.0000,11000000000001010000000000000000
2025-06-12 10:00,0.0000,-999,0.0000,11000000000001000000000000000000
2025-06-12 11:00,0.0000,-999,0.0000,11000000000000000010000000100000
2025-06-12 12:00,0.0000,-999,0.0000,11000000000000000000000000100000
2025-06-12 13:00,0.0000,-999,0.0000,11000000000000100000000000000000
2025-06-12 14:00,0.0000,-999,0.0000,11000000000000000000000000000000
2025-06-12 15:00,0.0000,-999,0.0000,11000000000000100000000000000000
2025-06-12 16:00,0.0977,1.5634,1.5634,11000000000000100000000000000000
2025-06-12 17:00,0.6480,1.7279,10.3675,11000000000000100000000000000000
2025-06-12 18:00,0.7295,0.9726,11.6716,11000000000001000000000000000000
2025-06-12 19:00,0.0000,-999,0.0000,11000000000001010000000000000000
2025-06-12 20:00,0.0000,-999,0.0000,11000000000000000000000000000000
2025-06-12 21:00,0.0000,-999,0.0000,11000000000000010000000000000000
2025-06-12 22:00,0.0000,-999,0.0000,11000000000000000000000000000000
2025-06-12 23:00,0.0000,-999,0.0000,11000000000000000010000000000000
2025-06-13 00:00,0.0000,-999,0.0000,11000000000000000010000000000000
2025-06-13 01:00,0.0000,-999,0.0000,11000000000000000000000000000000
2025-06-13 02:00,0.0000,-999,0.0000,11000000000000100000000000000000
2025-06-13 03:00,0.0000,-999,0.0000,11000000000000100000000000000000
2025-06-13 04:00,0.0000,-999,0.0000,11000000000000000000000000000000
2025-06-13 05:00,0.0000,-999,0.0000,11000000000000100000000000000000
2025-06-13 06:00,0.0000,-999,0.0000,11000000000000010000000000000000
2025-06-13 07:00,0.0000,-999,0.0000,11000000000001000000000000000000
2025-06-13 08:00,0.0000,-999,0.0000,11000000000000010000000000000000
2025-06-13 09:00,0.0000,-999,0.0000,11000000000001000000000000000000
2025-06-13 10:00,0.0000,-999,0.0000,11000000000000000000000000000000
2025-06-13 11:00,0.0000,-999,0.0000,11000000000000000000000000100000
2025-06-13 12:00,0.0000,-999,0.0000,11000000000000000000000000000000
2025-06-13 13:00,0.0000,-999,0.0000,11000000000000100000000000000000
2025-06-13 14:00,0.0000,-999,0.0000,11000000000000100000000000100000
2025-06-13 15:00,0.0000,-999,0.0000,11000000000000100000000000000000
2025-06-13 16:00,0.0000,-999,0.0000,11000000000000100000000000000000
2025-06-13 17:00,0.0000,-999,0.0000,11000000000001000000000000000000
2025-06-13 18:00,0.0000,-999,0.0000,11000000000000010000000000000000
2025-06-13 19:00,0.0000,-999,0.0000,11000000000001000000000000000000
2025-06-13 20:00,0.0000,-999,0.0000,11000000000001010000000000000000
2025-06-13 21:00,0.0000,-999,0.0000,11000000000000010000000000000000
2025-06-13 22:00,0.0000,-999,0.0000,11000000000000000000000000000000
2025-06-13 23:00,0.0000,-999,0.0000,11000000000000000010000000000000
2025-06-14 00:00,0.0000,-999,0.0000,11000000000000000000000000000000
2025-06-14 01:00,0.0000,-999,0.0000,11000000000000000000000000000000
2025-06-14 02:00,0.0000,-999,0.0000,11000000000000000000000000000000
2025-06-14 03:00,0.0000,-999,0.0000,11000000000000100000000000000000
2025-06-14 04:00,0.0000,-999,0.0000,11000000000000000000000000000000
2025-06-14 05:00,0.0000,-999,0.0000,11000000000000100000000000000000
2025-06-14 06:00,0.0000,-999,0.0000,11000000000001000000000000000000
2025-06-14 07:00,0.0000,-999,0.0000,11000000000001010000000000000000
2025-06-14 08:00,0.0147,0.1174,0.2348,11000000000001010000000000000000
2025-06-14 09:00,0.0047,0.0747,0.0747,11000000000000000000000000000000
2025-06-14 10:00,0.0931,0.2129,1.4903,11000000000001000010000000000000
2025-06-14 11:00,0.0318,0.0727,0.5088,11000000000000000010000000000000
2025-06-14 12:00,0.0179,0.0410,0.2868,11000000000000000000000000100000
2025-06-14 13:00,0.0475,0.0760,0.7602,11000000000000000000000000000000
2025-06-14 14:00,0.0620,0.1239,0.9916,11000000000000100000000000000000
2025-06-14 15:00,0.0394,0.3155,0.6311,11000000000000000000000000000000
2025-06-14 16:00,0.0000,-999,0.0000,11000000000001100000000000000000
2025-06-14 17:00,0.0000,-999,0.0000,11000000000000000000000000000000
2025-06-14 18:00,0.0000,-999,0.0000,11000000000001000000000000000000
2025-06-14 19:00,0.0000,-999,0.0000,11000000000000010000000000000000
2025-06-14 20:00,0.0000,-999,0.0000,11000000000001010000000000000000
2025-06-14 21:00,0.0000,-999,0.0000,11000000000000010010000000000000
2025-06-14 22:00,0.0000,-999,0.0000,11000000000000000000000000000000
2025-06-14 23:00,0.0000,-999,0.0000,11000000000000000010000000000000
2025-06-15 00:00,0.0000,-999,0.0000,11000000000000000000000000000000
2025-06-15 01:00,0.0000,-999,0.0000,11000000000000000000000000000000
2025-06-15 02:00,0.0000,-999,0.0000,11000000000000000000000000000000
2025-06-15 03:00,0.0000,-999,0.0000,11000000000000100000000000000000
2025-06-15 04:00,0.0000,-999,0.0000,11000000000000100000000000000000
2025-06-15 05:00,0.0000,-999,0.0000,11000000000000000000000000000000
2025-06-15 06:00,0.0000,-999,0.0000,11000000000000010000000000000000
2025-06-15 07:00,0.0000,-999,0.0000,11000000000001010000000000000000
2025-06-15 08:00,0.0000,-999,0.0000,11000000000000000000000000000000
2025-06-15 09:00,0.0000,-999,0.0000,11000000000001000010000000000000
2025-06-15 10:00,0.0000,-999,0.0000,11000000000000000000000000000000
2025-06-15 11:00,0.0000,-999,0.0000,11000000000000000000000000000000
2025-06-15 12:00,0.0000,-999,0.0000,11000000000000000000000000100000
2025-06-15 13:00,0.0065,0.1042,0.1042,11000000000000000000000000000000
2025-06-15 14:00,0.0177,0.2832,0.2832,11000000000000100000000000000000
2025-06-15 15:00,0.2007,0.3568,3.2111,11000000000000100000000000000000
2025-06-15 16:00,0.0494,0.1128,0.7897,11000000000000100000000000000000
2025-06-15 17:00,0.0000,-999,0.0000,11000000000001000000000000000000
2025-06-15 18:00,0.0000,-999,0.0000,11000000000000000000000000000000
2025-06-15 19:00,0.0000,-999,0.0000,11000000000001010000000000000000
2025-06-15 20:00,0.0016,0.0260,0.0260,11000000000000010000000000000000
2025-06-15 21:00,0.0069,0.1110,0.1110,11000000000000010010000000000000
2025-06-15 22:00,0.0083,0.1333,0.1333,11000000000000000000000000000000
2025-06-15 23:00,0.0298,0.2384,0.4768,11000000000000000000000000000000
2025-06-16 00:00,0.0228,0.1823,0.3646,11000000000000000000000000000000
2025-06-16 01:00,0.0256,0.2047,0.4094,11000000000000000000000000000000
